ANO4;TRIMESTRE;DEFLACTOR
2019;4;0.790475591
2020;1;0.870396416
2020;2;0.933181284
2020;3;1
