ANO4;TRIMESTRE;DEFLACTOR
2019;3;0.74546287
2019;4;0.84707613
2020;1;0.932719537
2020;2;1
